序号,园区,所属区域,城市,所属业态,项目分级,项目分类,拟定承建组织,总部重点关注项目,专业,专业分包,项目名称,备注说明,拟定金额,专业细分
1,燕园,华北,北京,独立,一级（最高级）,品质提升,不动产项目部,否,土建设施,土建,参照亮马河、顺义中粮小镇打造燕园北岸景观及沿街商业,一号楼南侧与七号楼北侧打造中心街区,200,土建
2,燕园,华北,北京,独立,一级（最高级）,品质提升,不动产项目部,否,土建设施,土建,2号楼多功能厅全面升级改造,包括地毯、墙面、顶棚及灯光整体老旧升级品质提升,60,土建
3,燕园,华北,北京,独立,一级（最高级）,品质提升,不动产项目部,否,土建设施,土建,7号楼改造成餐厅模式,经营战略,100,土建
4,燕园,华北,北京,独立,二级,品质提升,社区分包,否,土建设施,土建,2号楼活动区域改造,包括教室区、活动区地面墙面升级改造,29,土建
5,燕园,华北,北京,独立,三级,大修,社区分包,否,供配电系统,机电,一期二期楼顶配电箱改造,箱体更换、电气元件更换,20,机电
6,燕园,华北,北京,独立,三级,金额10万以上的常规维修,社区分包,否,供配电系统,机电,一期2、3号配电室更换电容器组,更换电抗器、电容器组,60,机电
7,燕园,华北,北京,独立,三级,大修,社区分包,否,供配电系统,机电,一期二期EPS系统改造,逆变器更换电池更换,25,机电
8,燕园,华北,北京,独立,一级（最高级）,智能化提升,社区分包,否,暖通/供冷系统,机电,一期、三期空调机组改造,BA控制程序编写改造，相关电器元件等升级更换,25,机电
9,燕园,华北,北京,独立,一级（最高级）,节能改造,社区分包,否,暖通/供冷系统,机电,一期两座冷站机组自动化,完善群控系统实现自动控制,12,机电
10,燕园,华北,北京,独立,一级（最高级）,智能化提升,不动产项目部,否,弱电系统,弱电,一期二期三期污水、隔油池水箱液位状态上BA系统,污水泵隔油池状态系统上显示并可报警,50,弱电
11,燕园,华北,北京,独立,一级（最高级）,智能化提升,不动产项目部,否,弱电系统,弱电,拉绳报警融合、BA控制优化等,1、2号楼更换末端设备满足自动巡检,200,弱电
12,燕园,华北,北京,独立,二级,金额10万以上的常规维修,社区分包,否,供排水系统,机电,一号楼两个隔油池改造,更换提升泵、排水管道更换、控制系统更换,10,机电
13,燕园,华北,北京,独立,一级（最高级）,金额10万以上的常规维修,社区分包,否,供排水系统,机电,一期水表改造,一期每月常抄水表增加远传,10,机电
14,燕园,华北,北京,独立,三级,大修,社区分包,否,供排水系统,机电,二期中水主管道改造,二期东组团至西组团地埋中水主管道更换,20,机电
15,燕园,华北,北京,独立,三级,品质提升,社区分包,否,电梯系统,电梯,三期电梯到站提醒改造,每层更换到站钟,10,电梯
16,燕园,华北,北京,独立,三级,节能改造,社区分包,否,供排水系统,机电,一期水景观改造,改造水泵、水管及石材面,20,机电
17,燕园,华北,北京,独立,一级（最高级）,品质提升,不动产项目部,否,其它系统,园林,19号楼四季花厅金桂更换适合环境树种（邀请专家技术把关）,三期会所品质提升,20,园林
18,燕园,华北,北京,独立,二级,品质提升,社区分包,否,其它系统,精装,管家评估室改造,管家评估室改造,10,精装
19,燕园,华北,北京,独立,二级,品质提升,社区分包,否,其它系统,精装,餐厅升级改造,餐厅升级改造,20,精装
20,燕园,华北,北京,护理,三级,品质提升,社区分包,否,其它系统,弱电,可视对讲及人行闸机增加雨棚等,B1、B2层可视对讲呼叫到各楼层护士站等,20,弱电
21,燕园,华北,北京,独立,二级,品质提升,,否,其它系统,精装,房态恢复,房态恢复,45,精装
22,申园,华东,上海,独立,一级（最高级）,品质提升,不动产项目部,否,其它系统,园林,一二期绿化整体提升,针对邱总提出充分利用项目外围市政空间打造高品质的园林及打造深度超体对园区景观进行提升（一期东侧增设垂钓区域及提升勤耕乐园品质、一期西侧莫奈花园打造、二期11号楼后景观绿化提升）,3000,园林
23,申园,华东,上海,独立,一级（最高级）,品质提升,不动产项目部,否,土建设施,土建,一期外墙翻新,根据邱总会议要求对一期各楼栋外立面进行漆面翻新,270,土建
24,申园,华东,上海,独立,一级（最高级）,品质提升,不动产项目部,否,土建设施,土建,一二期桁架广场改造,根据邱总会议意见将打造高档商业场景，同时结合场景改造主入口（门头改造）,265,土建
25,申园,华东,上海,独立,一级（最高级）,品质提升,不动产项目部,否,其它系统,土建,二期体验馆及一期医院走道展陈改造,提升二期体验馆整体形象及一期会所文化长廊改造,85,土建
26,申园,华东,上海,独立,一级（最高级）,运营需求,不动产项目部,否,其它系统,精装,一期KTV、玉兰厅、乐活剧场地毯换新及改造,地毯老旧，常年返潮等原因莫名翘起，增加跌倒风险，灯光，墙面，舞台,113,精装
28,申园,华东,上海,独立,一级（最高级）,运营需求,不动产项目部,否,土建设施,土建,1期外围灌溉系统铺设,因层降造成园林灌溉系统管道损坏，且存在跨路取水情况，需重新铺设,60,土建
29,申园,华东,上海,独立,一级（最高级）,运营需求,不动产项目部,否,其它系统,精装,一期会所公区、餐厅、牡丹厅、玉兰厅、乐活剧场整体灯光改造,目前只能开启舞台两边的主灯，建议改造加装彩光及追光还有面光灯、乐活剧场灯光电闸开关时常有电光显现及频繁跳闸，有短路风险，建议全面排查检修。,50,精装
31,申园,华东,上海,独立,一级（最高级）,安全提升,社区分包,否,消防系统,消防,SI标识制作安装,消防警示标识,30,消防
32,申园,华东,上海,独立,一级（最高级）,经营性功能调整,不动产项目部,否,其它系统,精装,一期会所三楼区域改造,一期会所三楼功能性优化，闲置功能区改造,25,精装
33,申园,华东,上海,独立,一级（最高级）,经营性功能调整,社区分包,否,其它系统,精装,一期医务室改造,医务室改造为银发经济馆（暂定），配合桁架广场打造商业场景,30,精装
34,申园,华东,上海,独立,一级（最高级）,运营需求,社区分包,否,其它系统,精装,一期负一楼后厨区域改造,后厨功能区域修缮性改造,21,精装
35,申园,华东,上海,独立,二级,运营需求,社区分包,否,其它系统,土建,二期一楼餐厅餐线改造,现有T型餐线改成一条自选餐线，一条称重餐线,30,土建
36,申园,华东,上海,独立,二级,品质提升,社区分包,否,其它系统,精装,一期特需餐厅改造-一楼包厢（四个）-一期各个餐厅椅面更换,墙面/装饰/家具调整翻新/餐厅椅子的布制面翻新,38,精装
37,申园,华东,上海,护理,二级,品质提升,社区分包,否,其它系统,精装,11-18楼公区及洗衣房改造-11-20楼公区及房间配置换新,公区装饰软装改造，洗衣房空间狭小且无预洗池，不符民政要求，建议与污洗间交换位置/公区餐桌椅及沙发破损需更新，房间家具破损需更新，建议保留柜体，更换面板；新增双层换鞋凳,10,精装
38,申园,华东,上海,独立,二级,运营需求,社区分包,否,其它系统,土建,二期蔬菜加工间改造,"新增蔬果加工间-配备智能化设备（清洗/切配），现
有点位负荷不了后续运营需求（2期自选餐/3期餐厅/2期员工餐）",10,土建
39,申园,华东,上海,护理,二级,品质提升,社区分包,否,其它系统,精装,1&2号楼居民房间换新,"座椅更换，现椅面滑有跌倒等风险.沙发老旧，沙发垫塌陷有滑坐在地风险.家具翻新或更换，使用约10年,家具老旧、掉漆、破损",25,精装
40,申园,华东,上海,独立,二级,运营需求,社区分包,否,其它系统,精装,一期玉兰厅舞台后方副厅改造,玉兰厅舞台后方副厅改造,5,精装
41,申园,华东,上海,独立,二级,品质提升,社区分包,否,其它系统,精装,乐活剧场改造,乐活剧场整体音响换新、沙发换新、舞台换新,27,精装
42,申园,华东,上海,独立,二级,智能化提升,社区分包,否,其它系统,精装,北区舞蹈教室改造,地面改造为软塑地面，适用于各种舞蹈场景,7,精装
43,申园,华东,上海,独立,二级,智能化提升,社区分包,否,弱电系统,弱电,一期二楼第一教室，第三教室改造-KTV设备换新,"1.教室投影仪需更换，现有投影设备画面模糊、色彩失真，投影放映效果不理想
2、投影仪幕布显示不清晰，影响观看效果
3、教室音响效果不理想，需优化音质或加装内嵌音响系统4.KTV机设备老旧换新",34,弱电
44,申园,华东,上海,独立,二级,品质提升,社区分包,否,其它系统,土建,二期一楼四季花厅小舞台改造,小舞台老旧需要翻新,15,土建
45,申园,华东,上海,独立,二级,品质提升,社区分包,否,其它系统,精装,1-2号楼，一期公区窗帘换新-1-2号楼浴帘，北区居民楼床换新,"窗帘老旧破损换新/房间浴帘老旧破损更换，房间床/床垫老旧破损换新
",33,精装
46,申园,华东,上海,独立,二级,品质提升,社区分包,否,其它系统,精装,居民生活楼配置空气净化器,居民楼层过道配商用智能空气净化器辅助净化空气,2,精装
47,申园,华东,上海,独立,二级,品质提升,社区分包,否,其它系统,精装,一期1-6号楼居民楼12部电梯、会所3部电梯软装换新,电梯轿厢软装老旧破损需翻新,3,精装
48,申园,华东,上海,独立,三级,运营需求,社区分包,否,强电暖通系统,机电,二期强电间与一期水泵房，换热机房等改造,机房地坪破旧不堪做环氧地坪或者贴地砖,28,机电
49,申园,华东,上海,独立,三级,运营需求,社区分包,否,暖通系统,机电,板式换热器及地暖分水器化学清洗,机房地暖、空调板式换热器及2#楼室内分水器管道清洗,19,机电
50,申园,华东,上海,独立,三级,运营需求,社区分包,否,暖通系统,机电,二期会所沐浴及餐饮热水罐更换,二期会所沐浴及餐饮热水罐更换,15,机电
51,申园,华东,上海,独立,三级,运营需求,社区分包,否,暖通系统,机电,一期独立楼烟道加装排风机,约70个油烟风道加装强排风机,49,机电
52,申园,华东,上海,独立,三级,运营需求,社区分包,否,暖通系统,机电,北区雨水管道改造,接驳市政雨水管网,20,机电
53,申园,华东,上海,独立,三级,品质提升,社区分包,否,其它系统,机电,南北区屋面风机铁皮、吊杆、线管、电箱、水管等基础件除锈刷漆,南北区合计14栋屋面设备除锈刷漆,10,机电
54,申园,华东,上海,独立,三级,运营需求,社区分包,否,弱电系统,弱电,北区中控室电视墙改造,电视墙更换,20,弱电
55,申园,华东,上海,独立,三级,运营需求,社区分包,否,弱电系统,弱电,北区中控室硬盘录像机更换,更换硬盘录像机,10,弱电
56,申园,华东,上海,独立,三级,安全提升,社区分包,否,弱电系统,弱电,北区会所桁架及部分盲区增设摄像头,北区桁架及盲区增加摄像头,1,弱电
57,申园,华东,上海,独立,三级,运营需求,社区分包,否,弱电系统,弱电,北区弱电间改造,线路整理,12,弱电
58,申园,华东,上海,独立,三级,运营需求,社区分包,否,弱电系统,弱电,南区弱电间没有空调,弱电间加装空调,25,弱电
59,申园,华东,上海,独立,三级,运营需求,社区分包,否,弱电系统,弱电,玉兰厅会场设备维修,玉兰厅屏幕更换及会议设备维修,12,弱电
60,申园,华东,上海,独立,三级,智能化提升,社区分包,是,弱电系统,弱电,远传计量改良,远程计量连接及加装,20,弱电
61,申园,华东,上海,独立,三级,智能化提升,社区分包,是,弱电系统,弱电,IBMS,完善系统设备,150,弱电
62,申园,华东,上海,独立,三级,安全提升,社区分包,否,消防系统,消防,北区1到6号楼电梯厅避难间改造,更换各个楼层电梯厅的防火门、增加消防电话、防毒面具等消防设备,50,消防
63,申园,华东,上海,独立,三级,大修,社区分包,否,其它系统,精装,居民、公区窗户地面墙面门窗玻璃管道维修,窗户改良改造,165,精装
64,申园,华东,上海,独立,三级,运营需求,社区分包,否,暖通系统,机电,一期桁架排水沟改造,桁架排水沟改造,25,机电
65,申园,华东,上海,独立,三级,品质提升,社区分包,否,其它系统,精装,北区公区地毯更换,1期公共区域,10,精装
66,申园,华东,上海,独立,三级,智能化提升,社区分包,否,弱电系统,弱电,医院南门闸机改造,医院南门口,5,弱电
67,申园,华东,上海,独立,三级,品质提升,社区分包,否,土建设施,土建,一期外围防腐木更新,"1期东港河公园、1期门球场及儿童乐园、1期多功能厅东侧 
",6,土建
68,申园,华东,上海,独立,三级,品质提升,社区分包,否,土建设施,土建,南区建筑垃圾房改造,南区建筑垃圾房,5,土建
69,申园,华东,上海,独立,三级,运营需求,社区分包,否,暖通系统,机电,冷却塔及塔附属设施维修,北区冷却塔及塔附属设施维修,17,机电
70,申园,华东,上海,独立,三级,运营需求,社区分包,否,暖通系统,机电,水箱及附属设施维修,水箱及附属设施维修,15,机电
71,申园,华东,上海,独立,三级,安全提升,社区分包,否,消防系统,消防,防火门更换（300扇）,南北区公区更换防火门,60,消防
72,粤园,华南,广州,独立,一级（最高级）,金额10万以上的常规维修,不动产项目部,否,其它系统,弱电,BA等相关智能化工程改造,,200,弱电
73,粤园,华南,广州,独立,二级,金额10万以上的常规维修,社区分包,否,其它系统,园林,园林绿化增加取水点,,12,园林
74,粤园,华南,广州,独立,三级,金额10万以上的常规维修,社区分包,否,其它系统,弱电,第二教室增加投影、音响设备,活动条线,10,弱电
75,粤园,华南,广州,独立,三级,金额10万以上的常规维修,不动产项目部,否,其它系统,精装,外墙防水涂料粉刷,,243,精装
76,粤园,华南,广州,独立,二级,金额10万以上的常规维修,不动产项目部,否,其它系统,土建,社区及护理居民房间渗漏防水改造,,40,土建
77,粤园,华南,广州,独立,二级,金额10万以上的房态更新,不动产项目部,否,其它系统,土建,空置房房态恢复,独立空置房墙面大面积刷漆，更换木地板、家具修补,50,土建
78,粤园,华南,广州,独立,一级（最高级）,金额10万以上的常规维修,不动产项目部,否,其它系统,机电,热水管道生锈改造,,80,机电
79,粤园,华南,广州,独立,二级,金额10万以上的常规维修,社区分包,否,其它系统,土建,社区居民房间淋浴间地面防水改造,房间渗漏水改造,20,土建
80,粤园,华南,广州,独立,三级,金额10万以上的常规维修,不动产项目部,否,其它系统,精装,社区公区通道天、地、墙面翻新,含会所,15,精装
81,粤园,华南,广州,独立,三级,金额10万以上的常规维修,不动产项目部,否,其它系统,精装,社区公区老旧点位翻新,社区围栏生锈翻新、社区各处损坏镜子及玻璃更换维修、社区沥青路面开裂维修、标致标识品质提升,30,精装
82,粤园,华南,广州,独立,二级,品质提升,不动产项目部,否,其它系统,精装,室内品质提升,精装入户门&门套更换维修、卫生间厨房美缝,20,精装
83,粤园,华南,广州,独立,一级（最高级）,金额10万以上的常规维修,不动产项目部,否,其它系统,精装,社区公区老旧点位翻新,7#8#9#10#楼各楼层电梯出口大理石地面下沉、破损,11,精装
84,粤园,华南,广州,独立,一级（最高级）,金额10万以上的常规维修,社区分包,否,其它系统,弱电,照明系统改造,智能照明检修、园林景观照明线路,12,弱电
85,粤园,华南,广州,独立,二级,金额10万以上的常规维修,社区分包,否,其它系统,精装,各楼层防火门及门禁更换（,各楼层防火门及门禁更换（破旧、走失风险等），每个楼层有7个门禁，合计49个,10,精装
86,粤园,华南,广州,独立,一级（最高级）,品质提升,不动产项目部,否,土建设施,土建,粤园5号楼大厅及场馆品质提升改造工程,,500,土建
87,粤园,华南,广州,护理,二级,品质提升,社区分包,否,其它系统,土建,记忆花园升级改造,记忆花园升级改造,15,土建
88,粤园,华南,广州,护理,一级（最高级）,品质提升,社区分包,否,其它系统,土建,2楼南区改造成记忆照护区，友好环境等5+3+1体系相关的内容,2楼南区改造成记忆照护区，友好环境等5+3+1体系相关的内容,10,土建
89,粤园,华南,广州,独立,一级（最高级）,节能改造,不动产项目部,是,其它系统,弱电,能源管理平台,能源管理平台,10,弱电
90,粤园,华南,广州,独立,一级（最高级）,安全,社区分包,是,其它系统,弱电,动火离人报警,动火离人报警,10,弱电
91,粤园,华南,广州,独立,一级（最高级）,品质提升,社区分包,否,土建设施,土建,大草坪景观改造,大草坪景观改造,30,土建
92,蜀园,西南,成都,独立,一级（最高级）,品质提升,不动产项目部,否,其它系统,机电,3号楼新风机改造,,48,机电
93,蜀园,西南,成都,独立,二级,品质提升,不动产项目部,否,供配电系统,机电,一二期机电系统改造,,40,机电
94,蜀园,西南,成都,独立,二级,品质提升,不动产项目部,否,土建设施,土建,一二期装修改造,,40,土建
95,蜀园,西南,成都,独立,二级,品质提升,社区分包,否,其它系统,土建,护理超体场景,,36,土建
96,蜀园,西南,成都,独立,二级,大修,社区分包,否,其它系统,机电,冷却塔填料更换,,30,机电
97,蜀园,西南,成都,独立,二级,安全,不动产项目部,否,消防系统,消防,常闭式防火门改造,,30,消防
98,蜀园,西南,成都,独立,二级,大修,不动产项目部,否,电梯系统,电梯,电梯钢绳更换,,12,电梯
99,蜀园,西南,成都,独立,二级,品质提升,不动产项目部,否,家具,固定物资采买,家具翻新,,160,固定物资采买
100,蜀园,西南,成都,独立,二级,大修,不动产项目部,否,暖通/供冷系统,机电,一期空调保温层维修及锈蚀管件更换,,120,机电
101,蜀园,西南,成都,独立,二级,品质提升,不动产项目部,否,土建设施,土建,会所石材翻新,,60,土建
102,蜀园,西南,成都,独立,二级,品质提升,社区分包,否,家具,固定物资采买,木地板翻新,,30,固定物资采买
103,蜀园,西南,成都,独立,二级,品质提升,不动产项目部,否,土建设施,土建,二期地下室地面翻新,,20,土建
104,蜀园,西南,成都,独立,二级,品质提升,社区分包,否,土建设施,土建,6/7号楼墙面裂缝处理,,90,土建
105,蜀园,西南,成都,独立,二级,品质提升,社区分包,否,土建设施,土建,二期连廊立柱美化,,20,土建
106,蜀园,西南,成都,独立,二级,安全,不动产项目部,否,保安/监控系统,弱电,监控盲区新增摄像头,,80,弱电
107,蜀园,西南,成都,独立,二级,安全,不动产项目部,否,弱电系统,弱电,一二期弱电井增加排风扇,,24,弱电
108,蜀园,西南,成都,独立,二级,品质提升,不动产项目部,否,供排水系统,机电,更换一期厨房吊顶内PPR水管,,12,机电
109,蜀园,西南,成都,独立,二级,品质提升,不动产项目部,否,家具,固定物资采买,厨房吊顶翻新,,10,固定物资采买
110,蜀园,西南,成都,独立,一级（最高级）,节能改造,不动产项目部,是,其它系统,机电,节能改造专项,,200,机电
111,蜀园,西南,成都,独立,二级,品质提升,社区分包,否,其它系统,土建,零星维修专项,,48,土建
112,蜀园,西南,成都,独立,二级,品质提升,社区分包,否,其它系统,精装,房态恢复,退住还原,30,精装
113,蜀园,西南,成都,独立,三级,品质提升,不动产项目部,否,其它系统,土建,护理品质提升改造,,20,土建
114,蜀园,西南,成都,独立,三级,品质提升,不动产项目部,否,其它系统,弱电,科技应用专项改造,,100,弱电
115,蜀园,西南,成都,独立,一级（最高级）,安全,不动产项目部,是,其它系统,弱电,动火离人报警系统增设及节能罩改造升级,与运行安全、政府政策要求、总部管控要求等提出来需要整改维修的运行安全风险相关的维修改造；光伏、空气源等现关的节能改造,35,弱电
116,蜀园,西南,成都,独立,一级（最高级）,节能改造,社区分包,是,其它系统,机电,节能炉灶,节能炉灶,10,机电
117,吴园,华东,苏州,独立,二级,品质提升,不动产项目部,否,其它系统,精装,一期房间翻新,一期部分房屋精装老化，品质提升进行提升改造,40,精装
118,吴园,华东,苏州,独立,一级（最高级）,品质提升,不动产项目部,否,其它系统,土建,12栋中庭封闭改造/3号楼改造,为了增加居民活动空间，同时有效增加使用面积,55,土建
119,吴园,华东,苏州,独立,一级（最高级）,品质提升,不动产项目部,否,供配电系统,机电,水泵房电源改造（增加ups）,应急突发断电情况,15,机电
120,吴园,华东,苏州,独立,一级（最高级）,安全,不动产项目部,是,其它系统,弱电,二、三期人脸识别系统改造,完善二三期人脸识别系统未完善，保障居民出入安全,10,弱电
121,吴园,华东,苏州,独立,一级（最高级）,节能改造,不动产项目部,是,其它系统,机电,泳池气改电节能改造,针对泳池的单项加热整改为空气源热泵供热方式,40,机电
122,吴园,华东,苏州,独立,一级（最高级）,节能改造,不动产项目部,是,其它系统,弱电,能管平台整改完善,现有能管平台整改完善,15,弱电
123,吴园,华东,苏州,独立,一级（最高级）,节能改造,不动产项目部,是,其它系统,弱电,AI冷站群控,增加中央空调系统智能群控,40,弱电
124,吴园,华东,苏州,独立,一级（最高级）,安全,不动产项目部,是,其它系统,弱电,动火离人报警系统（厨房）,针对厨房炉灶加装动火离人报警系统,15,弱电
125,吴园,华东,苏州,独立,一级（最高级）,节能改造,不动产项目部,是,其它系统,机电,节能炉灶（燃气灶）,针对燃气灶进行节能改造,10,机电
126,吴园,华东,苏州,独立,二级,大修,社区招采,否,其它系统,机电,一、二期生活水箱、泳池水箱改造维修,水箱锈蚀严重、存在风险，需要更换或大修,20,机电
127,吴园,华东,苏州,独立,二级,品质提升,社区招采,否,其它系统,土建,西会所及乐泰汇自选餐餐台改造,西会所及乐泰汇一楼餐台硬件改造，铺设大理石台面，电量增容,12,土建
128,楚园,西南,武汉,独立,一级（最高级）,IBMS相关工程改造,社区分包,是,楼宇自控系统,弱电,IBMS建设,主系统建设费用50万，子系统改造费用56万，子系统维修费用15万,121,弱电
129,楚园,西南,武汉,独立,三级,品质提升,不动产项目部,否,其它系统,机电,自动门改造,社区居民楼对外出口门适老化改造，改为电动门，共14个,46,机电
130,楚园,西南,武汉,独立,三级,品质提升,不动产项目部,否,暖通/供冷系统,机电,活力中心房间空调效果差改造,活力中心8个房间空调效果改善，增加一台VRV空调主机，14台分机一层：2个餐厅包间，二层：2个党员活动室、形体室、3个餐厅包间,30,机电
131,楚园,西南,武汉,独立,三级,品质提升,不动产项目部,否,保安/监控系统,弱电,电动伸缩门改自动抬杆道闸,电动伸缩门改自动抬杆道闸,15,弱电
132,楚园,西南,武汉,独立,三级,品质提升,不动产项目部,否,其它系统,土建,活力中心3层改造,活力中心3层改造，样板间改活动室、多功能室、影音室,70,土建
133,楚园,西南,武汉,独立,三级,品质提升,不动产项目部,否,其它系统,机电,东湖厅、珞珈厅增加舞台灯,东湖厅、珞珈厅舞台灯、面光灯,15,机电
134,楚园,西南,武汉,独立,三级,品质提升,不动产项目部,否,其它系统,精装,园区标识翻新,标识褪色、破损、老化，部分区域更改名称标识指示信息不准确,28,精装
135,楚园,西南,武汉,独立,三级,品质提升,不动产项目部,否,土建设施,土建,塑胶跑道维修,破损严重塑胶跑道局部翻新约750平方,22,土建
136,楚园,西南,武汉,独立,三级,大修,不动产项目部,否,暖通/供冷系统,机电,冷却塔填料更换,6台冷却塔填料更换,40,机电
137,楚园,西南,武汉,独立,三级,大修,不动产项目部,否,供排水系统,机电,天沟开裂维修,1.2期屋面天沟开裂维修，天沟开裂约1000米，外层做防水,13,机电
138,楚园,西南,武汉,独立,一级（最高级）,安全,不动产项目部,是,其它系统,弱电,防走失人脸识别系统建设,在护理楼电梯及社区大门口安装人脸识别摄像头，对易走失人员进入摄像头范围后进行预警,15,弱电
139,楚园,西南,武汉,独立,一级（最高级）,安全,不动产项目部,是,其它系统,弱电,灶台动火离人报警,安装厨房灶台动火离人报警系统,15,弱电
140,楚园,西南,武汉,独立,一级（最高级）,节能改造,不动产项目部,是,其它系统,弱电,空调AI节能改造,空调主机 AI 智能算法,50,弱电
141,楚园,西南,武汉,独立,一级（最高级）,节能改造,不动产项目部,否,其它系统,机电,生活热水及泳池热源改造,1#楼顶2台闲置风冷热泵更换为空气源热泵，供生活热水及泳池热水,70,机电
142,楚园,西南,武汉,独立,二级,品质提升,社区分包,否,其它系统,精装,房态恢复,退住还原,30,精装
143,大清谷,华东,杭州,独立,三级,品质提升,不动产项目部,否,其它系统,精装,品质提升,1、居民楼1256#顶层遮阳帘增加：3.5万；2、茶亭观景台改造：1万；3、3#-4#楼之间连廊照明增加：1万；4、花园房改造：3.5万；5、外围园林灯改造：1万；,10,精装
144,大清谷,华东,杭州,独立,三级,其他改造,不动产项目部,否,其它系统,弱电,运行需求（含安全、运行需求）,"1、南北道闸改造：南北倒闸更换，北侧道闸实现无人值守。南侧道闸提升摄像头识别率。两套一进一出道闸设备，预计改造费用为约6万元；
2、弱电设备设施维修：地下室增加无线定位触发器，4.2万；
3、监控盲区增加60个监控及存储服务器、硬盘：11.47万；
4、护理公寓人脸识别：15万",36,弱电
145,大清谷,华东,杭州,独立,三级,大修,不动产项目部,否,其它系统,弱电,大修,"LED 大屏需整体更换：一是此前漏水后，备件已全部更换，该型号备件目前已停产；二是大屏本身的维保期已结束，后续维护无保障。
费用：5600元/㎡*23㎡=13万",13,弱电
146,大清谷,华东,杭州,独立,三级,大修,不动产项目部,否,其它系统,机电,大修,冷却塔清洗，填料清洗更换；更换6台冷却塔填料，2249元/㎡*57.8㎡=13万,13,机电
147,大清谷,华东,杭州,独立,三级,大修,不动产项目部,否,其它系统,土建,大修,屋面防水维修，33个点位,10,土建
148,大清谷,华东,杭州,独立,三级,金额10万以上的房态更新,不动产项目部,否,其它系统,精装,房态提升,"退住还原房态恢复维修：
1、独立区年度周转率是18%，310户 独立区310*0.18=55.8户 预计维修56户；
2、护理区年度周转率是30% ，38户 38*0.3=11.4户预计维修12户；
3、临客房预估20间；
4、合计：88间
按照88户计算，每户按照维修费4000元进行测算，88间*4000元/户=352000。（每间进行精装维修：包含顶面、地面、墙面修补，地板更换，水电的维修，物料和家具维护等）",35,精装
149,大清谷,华东,杭州,独立,三级,金额10万以上的房态更新,不动产项目部,否,其它系统,精装,房态提升,浴霸暖风机：406户*568元/台=230608元，（浴霸暖风机380元/台）,23,精装
150,大清谷,华东,杭州,独立,三级,金额10万以上的房态更新,不动产项目部,否,其它系统,精装,房态提升,电动晾衣杆：355户*975元/台=346125元，（电动晾衣杆650元/台）,35,精装
151,大清谷,华东,杭州,独立,一级（最高级）,节能改造,不动产项目部,是,其它系统,弱电,能源管理平台,能源管理平台,10,弱电
152,大清谷,华东,杭州,独立,一级（最高级）,安全,不动产项目部,是,其它系统,弱电,动火离人报警,动火离人报警,10,弱电
153,赣园,华南,南昌,独立,一级（最高级）,节能改造,社区分包,是,其它系统,机电,节能改造,地下室停车场照明节能改造,5,机电
154,赣园,华南,南昌,独立,二级,品质提升,,否,其它系统,精装,1.3 维修费用-公区装饰装修维修,公区室外木地板及木扶手翻新刷桐油，房屋公区维修。,9,精装
155,赣园,华南,南昌,独立,三级,品质提升,不动产项目部,否,其它系统,园林,2.1 改良改造费用-品质提升类,赣园社区北门岗及园区园林景观升级改造,25,园林
156,赣园,华南,南昌,独立,一级（最高级）,节能改造,不动产项目部,否,其它系统,机电,2.2 改良改造费用-节能改造,地下室空气源热泵改造（会所宴会厅空调过渡季用、泳池及厨房热水用）,60,机电
157,赣园,华南,南昌,独立,一级（最高级）,其他改造,社区分包,否,其它系统,土建,2.5 改良改造费用-经营功能改变型改造,5#居民楼部分楼层房间改造为轻协护单元,22,土建
158,赣园,华南,南昌,独立,一级（最高级）,节能改造,社区分包,是,其它系统,弱电,能管平台智能化改造,"能管平台,IBMS平台搭设后,对应能管平台建设",40,弱电
159,赣园,华南,南昌,独立,二级,其他改造,,否,其它系统,精装,房态提升,"园区已运营5年,部分房间在居民退住或换房后,需进行大面积翻新线维护",8,精装
160,赣园,华南,南昌,独立,一级（最高级）,安全,社区分包,是,其它系统,弱电,动火离人报警,动火离人报警,15,弱电
161,沈园,华北,沈阳,独立,一级（最高级）,经营性质改变,不动产项目部,否,其它系统,土建,3#楼改造，大户型改成小一居,精装修工程,800,土建
162,沈园,华北,沈阳,独立,二级,品质提升,社区分包,否,其它系统,精装,房态恢复,退住还原,7,精装
163,沈园,华北,沈阳,独立,一级（最高级）,安全,社区分包,是,其它系统,弱电,动火离人报警,动火离人报警,10,弱电
164,沈园,华北,沈阳,独立,一级（最高级）,节能改造,社区分包,是,其它系统,弱电,AI冷站群控,AI冷站节能,40,弱电
165,沈园,华北,沈阳,独立,一级（最高级）,节能改造,社区分包,是,其它系统,弱电,能源管理平台,能源管理平台,10,弱电
166,湘园,华南,长沙,独立,二级,其他改造,不动产项目部,否,其它系统,园林,园林景观改造,园林景观区域标识标牌、室外灯杆、室外园林区域配套的桌椅、小区域精品化打造等维修美化更换,58,园林
167,湘园,华南,长沙,独立,二级,其他改造,,否,其它系统,精装,闭环塑胶跑道,1.2.3号居民楼周边增加闭环跑道,20,精装
168,湘园,华南,长沙,独立,二级,其他改造,,否,其它系统,精装,居民楼翻新改造,居民楼翻新改造,35,精装
169,湘园,华南,长沙,独立,二级,其他改造,,否,其它系统,土建,体验馆翻新改造,体验馆翻新改造,20,土建
170,湘园,华南,长沙,独立,二级,其他改造,不动产项目部,否,其它系统,土建,宿舍楼架空层改造,宿舍楼架空层改造,30,土建
171,湘园,华南,长沙,独立,一级（最高级）,其他改造,不动产项目部,否,其它系统,土建,S2办公区改产说室、二期地下室空腔改办公室,S2办公区改产说室、二期地下室空腔改办公室,200,土建
172,湘园,华南,长沙,独立,二级,其他改造,不动产项目部,否,其它系统,土建,1#居民楼一层房间改造为协助生活区,1#居民楼一层房间改造为协助生活区,49,土建
173,湘园,华南,长沙,独立,二级,品质提升,社区分包,否,其它系统,土建,体验馆南侧下沉庭院品质提升,体验馆南侧下沉庭院品质提升,5,土建
174,湘园,华南,长沙,独立,二级,其他改造,不动产项目部,否,其它系统,土建,会所屋面防坠落加固措施,会所屋面防坠落加固措施,15,土建
175,湘园,华南,长沙,独立,二级,品质提升,不动产项目部,否,其它系统,精装,一期公寓外立面阳台品质提升,一期公寓外立面阳台品质提升,50,精装
176,湘园,华南,长沙,独立,二级,其他改造,社区分包,否,其它系统,土建,西门增加电动车停车充电区,西门增加电动车停车充电区,25,土建
177,湘园,华南,长沙,独立,二级,品质提升,社区分包,否,其它系统,精装,1.2.3号楼外立面老化掉漆重新刷漆美化,1.2.3号楼外立面老化掉漆重新刷漆美化,15,精装
178,湘园,华南,长沙,独立,二级,品质提升,社区分包,否,其它系统,精装,泉水路主出入口整体形象提升,泉水路主出入口整体形象提升,55,精装
179,湘园,华南,长沙,独立,二级,节能改造,不动产项目部,否,其它系统,机电,锅炉排烟管道热量回收改造,锅炉排烟管道热量回收改造,40,机电
180,湘园,华南,长沙,护理,二级,品质提升,不动产项目部,否,其它系统,土建,护理公寓专项品质提升,护理公寓专项品质提升,30,土建
181,湘园,华南,长沙,独立,一级（最高级）,其他改造,社区分包,是,其它系统,弱电,厨房动火离人报警系统改在,消防系统改造,10,弱电
182,鹭园,华南,厦门,独立,一级（最高级）,其他改造,不动产项目部,否,其它系统,土建,C区改造,,231,土建
183,鹭园,华南,厦门,独立,一级（最高级）,其他改造,不动产项目部,否,其它系统,机电,空气源热泵,,300,机电
184,桂园,华南,南宁,独立,二级,节能改造,不动产项目部,是,供配电系统,机电,能管平台,弱电系统改造，效率提升,75,机电
185,桂园,华南,南宁,独立,一级（最高级）,大修,不动产项目部,否,土建设施,土建,护理1、2层改造协护区,护理1、2层改造协护区,50,土建
186,桂园,华南,南宁,独立,三级,其他改造,不动产项目部,否,土建设施,土建,体验馆使用功能改造,将体验馆打造成第二分会所、活力中心2楼部分区域改造,200,土建
187,桂园,华南,南宁,独立,二级,品质提升,社区分包,否,电梯系统,电梯,维修费用-公区机电设备维修,26年签订零星维修合同,50,电梯
188,桂园,华南,南宁,独立,一级（最高级）,节能改造,不动产项目部,是,暖通/供冷系统,机电,泳池加热系统改造,泳池加热系统由燃气锅炉改为空气源热泵,40,机电
189,桂园,华南,南宁,独立,二级,品质提升,不动产项目部,否,其它系统,精装,退住还原房态恢复维修,独立区退住房态维修 20间 2.护理原8层作为员工宿舍26年调整为居民层，天，墙需要恢复,30,精装
190,桂园,华南,南宁,独立,二级,品质提升,社区分包,否,其它系统,精装,居民户内维修（含临客房）,居民户内维修（含临客房）,20,精装
191,桂园,华南,南宁,独立,三级,品质提升,社区分包,否,其它系统,精装,应各级检查督导要求的改造费用,紧急活动费用支出,20,精装
192,桂园,华南,南宁,独立,三级,品质提升,社区分包,否,土建设施,土建,二期花海改造,二期打造1000平方的花海,20,土建
193,桂园,华南,南宁,独立,二级,品质提升,社区分包,否,土建设施,土建,公区防护板装饰改造,公区装置维修如首层电梯厅护板、墙面等,20,土建
194,桂园,华南,南宁,独立,三级,品质提升,不动产项目部,否,土建设施,土建,露台雨棚改造,居民楼露台增加雨棚,17,土建
195,桂园,华南,南宁,独立,二级,品质提升,不动产项目部,否,其它系统,精装,活动场所地毯更换,幸福有约厅、邕桂厅、活力中心电钢琴区地毯更换,16,精装
196,桂园,华南,南宁,独立,二级,品质提升,不动产项目部,否,土建设施,土建,塑胶跑道改造,塑胶跑道 ：原有塑胶路面因老化、受潮等原因，普遍存在外观破损严重，多处开裂发黑现象，较大影响居民的日常使用与客户观感，并且存在一定安全风险,15,土建
197,桂园,华南,南宁,独立,三级,品质提升,不动产项目部,否,土建设施,土建,小市政透水砖更换改造,路面透水砖更换PC砖：现透水地砖易脏、易长青苔、比较湿滑，行人有滑倒的危险隐患，且影响园区形象,15,土建
198,桂园,华南,南宁,独立,二级,安全,社区分包,否,其它系统,弱电,中控室监控系统升级,主机、存储服务器升级,15,弱电
199,桂园,华南,南宁,独立,二级,品质提升,社区分包,否,土建设施,土建,园林景观品质提升,园林景观提升，打造,10,土建
200,桂园,华南,南宁,独立,三级,品质提升,社区分包,否,土建设施,土建,体验馆幸福有约厅做LED改造,体验馆幸福有约厅做LED改造：投影仪已经使用3年,10,土建
201,桂园,华南,南宁,独立,二级,安全,社区分包,否,弱电系统,弱电,消防应急电源电池更换,铅酸电池更换,10,弱电
202,桂园,华南,南宁,独立,一级（最高级）,节能改造,不动产项目部,是,弱电系统,弱电,能源平台搭建,能源平台完善,20,弱电
203,桂园,华南,南宁,独立,三级,品质提升,社区分包,否,其它系统,精装,乐泰汇餐厅的自助餐台升级改造,乐泰汇餐厅的自助餐台是贴纸木制的，常出现损坏及长出木耳，想改成大理石面的易清洁维护。,30,精装
204,桂园,华南,南宁,独立,一级（最高级）,品质提升,不动产项目部,否,土建设施,土建,北广场花园打造,不动产基础打造,130,土建
205,桂园,华南,南宁,独立,一级（最高级）,品质提升,社区分包,否,土建设施,土建,北广场花园打造运营,不动产基础打造,40,土建
206,桂园,华南,南宁,独立,一级（最高级）,品质提升,不动产项目部,否,暖通系统,机电,太阳能热水储能改造,节能改造,20,机电
207,桂园,华南,南宁,独立,一级（最高级）,节能改造,社区分包,是,土建设施,土建,节能炉灶改造,节能改造,10,土建
208,桂园,华南,南宁,独立,一级（最高级）,品质提升,社区分包,是,其它系统,弱电,动火离人报警系统,消防系统完善,10,弱电
209,桂园,华南,南宁,独立,三级,品质提升,社区分包,否,其它系统,土建,护理洗衣房改造,护理洗衣房升级改造，满足居民使用需求,20,土建
210,桂园,华南,南宁,独立,三级,品质提升,不动产项目部,否,其它系统,土建,护理房间卫生间改造,护理卫生间进行升级改造,52,土建
211,桂园,华南,南宁,独立,三级,品质提升,社区分包,否,其它系统,土建,护理配餐台居家改造,将护理配餐台进行改造共计9个,10,土建
212,桂园,华南,南宁,独立,三级,品质提升,不动产项目部,否,土建设施,土建,护理楼东侧地面沉降整改/西门部分沥青路面开裂/南门沥青局部下沉维修,护理楼东侧沥青路面及车位有所沉降，泥土存在流失，需要重新夯实加固基层，重新铺设沥青，沉降车位进行整改，西门部分沥青路面开裂/南门沥青局部下沉维修,20,土建
213,桂园,华南,南宁,独立,一级（最高级）,安全,社区分包,是,其它系统,弱电,动火离人报警,动火离人报警,10,弱电
214,桂园,华南,南宁,独立,一级（最高级）,节能改造,社区分包,是,其它系统,机电,节能炉灶,节能炉灶,10,机电
215,苏园,华东,南京,独立,三级,品质提升,不动产项目部,否,其它系统,园林,园林景观提升,园林景观提升,15,园林
216,苏园,华东,南京,独立,一级（最高级）,节能改造,,是,其它系统,弱电,能管平台,能管平台,40,弱电
217,苏园,华东,南京,独立,一级（最高级）,其他改造,,是,其它系统,弱电,动火离人,动火离人报警,20,弱电
218,苏园,华东,南京,独立,三级,其他改造,,否,其它系统,土建,风雨连廊本封闭,风雨连廊本封闭,38,土建
219,苏园,华东,南京,独立,一级（最高级）,节能改造,,是,其它系统,弱电,AI冷站群控,AI冷站群控,30,弱电
220,苏园,华东,南京,独立,一级（最高级）,安全,,否,（新增）,,苏园一期、二期人脸识别,安全提升,27,
221,苏园,华东,南京,独立,一级（最高级）,安全,,否,（新增）,,苏园一期、二期厨房炉灶节能,节能改造,20,
222,苏园,华东,南京,独立,一级（最高级）,品质提升,不动产项目部,否,（新增）,,苏园二期星级评审改造,运营需求,42,
223,苏园,华东,南京,,,,,否,,,,,0,
224,甬园,华东,宁波,独立,三级,其他改造,不动产项目部,否,其它系统,消防,防火门改造及外围灯光改造,常闭防火门改常开、外围增加亮度改造,15,消防
225,甬园,华东,宁波,独立,三级,其他改造,不动产项目部,否,其它系统,土建,增加花池、增加种菜池浇灌,增加花池、增加种菜池浇灌,30,土建
226,甬园,华东,宁波,独立,三级,金额10万以上的常规维修,不动产项目部,否,其它系统,精装,家具翻新、贴膜,家具翻新、贴膜,35,精装
227,甬园,华东,宁波,独立,二级,金额10万以上的房态更新,不动产项目部,否,其它系统,精装,墙纸、墙布、木地板、地砖美容翻新,墙纸、墙布、木地板、地砖美容翻新,45,精装
228,甬园,华东,宁波,独立,三级,金额10万以上的常规维修,不动产项目部,否,其它系统,精装,活力中心软包翻新,活力中心软包翻新,45,精装
229,甬园,华东,宁波,独立,三级,金额10万以上的常规维修,不动产项目部,否,其它系统,土建,包厢拆除、恢复地面、吊顶，增加空调,包厢拆除、恢复地面、吊顶，增加空调,30,土建
230,甬园,华东,宁波,护理,三级,品质提升,不动产项目部,否,其它系统,精装,高品质智慧护理楼层-公区服务台改造,当班员工全部配备耳机+移动手机,13,精装
231,甬园,华东,宁波,护理,三级,品质提升,不动产项目部,否,其它系统,精装,高品质智慧护理楼层-活动空间改造和公区墙面改造,增加小型简易康复运动设备+软装增加走廊挂画+员工风采展示,10,精装
232,甬园,华东,宁波,护理,三级,品质提升,不动产项目部,否,其它系统,精装,高品质智慧护理楼层-功能性布草+智慧护理车+操作辅助类设备升级+去机构化床品,布草升级、提升护士发药效率、操作类辅具功能提升,19,精装
233,甬园,华东,宁波,护理,三级,品质提升,不动产项目部,否,其它系统,精装,高品质智慧护理楼层-小泰音箱标配,信息化不够可视化，提升客户感知度,15,精装
234,甬园,华东,宁波,护理,三级,品质提升,不动产项目部,否,其它系统,精装,气味专项整改、益智类活动器具、工服更新、洗澡机,气味专项整改、益智类活动器具、工服更新、洗澡机,10,精装
235,甬园,华东,宁波,护理,三级,品质提升,不动产项目部,否,其它系统,土建,记忆照护区友好环境改造,提升记忆照护区友好环境,18,土建
236,甬园,华东,宁波,独立,一级（最高级）,安全,不动产项目部,是,其它系统,弱电,厨房离人动火报警系统,厨房离人动火报警系统,18,弱电
237,甬园,华东,宁波,独立,一级（最高级）,节能改造,不动产项目部,是,其它系统,弱电,能源管控平台,线上抄表系统,15,弱电
238,甬园,华东,宁波,独立,一级（最高级）,节能改造,不动产项目部,否,其它系统,土建,停车场感应节能灯改造,停车场感应节能灯改造,18,土建
239,甬园,华东,宁波,独立,一级（最高级）,节能改造,不动产项目部,是,其它系统,弱电,厨房节能炉灶改造,厨房节能炉灶改造,15,弱电
240,甬园,华东,宁波,独立,一级（最高级）,节能改造,不动产项目部,是,其它系统,机电,新增空气源热泵改造,新增空气源热泵改造,48,机电
241,甬园,华东,宁波,独立,三级,金额10万以上的常规维修,不动产项目部,否,其它系统,精装,户外塑木地板翻修,户外塑木地板翻修,15,精装
242,甬园,华东,宁波,独立,三级,金额10万以上的常规维修,不动产项目部,否,其它系统,精装,地下室墙面翻新(含后勤)、吊顶修复、地砖更换,地下室墙面翻新(含后勤)、吊顶修复、地砖更换,15,精装
243,甬园,华东,宁波,独立,三级,金额10万以上的常规维修,不动产项目部,否,其它系统,弱电,室外高空防坠落监控及围墙红外对射(含C地块西入口道闸),室外高空防坠落监控及围墙红外对射(含C地块西入口道闸),15,弱电
244,豫园,华南,郑州,独立,三级,安全,不动产项目部,否,其它系统,弱电,园区闸机改造,医院门口闸机，车库闸机，大门口闸机已使用2年的伸缩门进行改造升级，增加人脸识别摄像头，辅助园区保障居民安全，预计产生20万元改造费,20,弱电
245,豫园,华南,郑州,独立,三级,金额10万以上的常规维修,不动产项目部,否,其它系统,精装,家具翻修,目前公共区域家具已使用2年，出现家具松动，结构断裂情况，避免出现跌倒情况，预计产生10万元更换费,10,精装
246,豫园,华南,郑州,独立,三级,金额10万以上的常规维修,不动产项目部,否,其它系统,精装,公共区域通道翻修,由于独立楼和活力中心通道居民经常通过，墙面出现磕碰和污染情况，需要增加护墙板和粉刷，预计10万维修费用,10,精装
247,豫园,华南,郑州,独立,三级,金额10万以上的常规维修,不动产项目部,否,其它系统,精装,园区景观翻修,园区窨井盖升级，花坛装饰，活力中心绿肺绿植优化更换三项共计15万改造,15,精装
248,豫园,华南,郑州,独立,三级,金额10万以上的常规维修,不动产项目部,否,其它系统,土建,大门口园区道路改造,由于中门岗PC石材道路现为中巴车通勤通道，造成石材路面损坏严重，为保障后期平稳运营，计划改为5公分厚石材,30,土建
249,豫园,华南,郑州,独立,三级,品质提升,不动产项目部,否,其它系统,精装,超体银发经济展示区改造,超体改造：记忆小镇改经济展示区,30,精装
250,豫园,华南,郑州,独立,三级,品质提升,不动产项目部,否,其它系统,机电,电动门改造,目前社区及医院连廊电动门较重，开启频繁，极易损坏，需改造为开启方便耐用的型号,10,机电
251,豫园,华南,郑州,独立,三级,其他改造,不动产项目部,否,其它系统,机电,免费冷改造,新增暖通空调系统冷冻水与冷却水热交换的板式换热器，施工内容包含增加电动调节阀，管路改造，系统控制逻辑板，板式换热器等,20,机电
252,豫园,华南,郑州,独立,三级,品质提升,不动产项目部,否,其它系统,土建,护理楼品质改造,护理楼品质改造，洗手池周围一圈安全把杆，楼层气味管理：换气设备+除味设备+香薰，各楼层增加2台烘干机共14台，记忆花园加装顶棚，地下入口门改造为自动门且去除台阶，一楼大厅增设隔离门或隔离帘，护理楼外围增设护理居民活动场地，智能马桶,98,土建
253,豫园,华南,郑州,独立,一级（最高级）,节能改造,不动产项目部,否,其它系统,弱电,BA智能化群控,在原有BA系统中增加智能AI算法，使BA系统控制更精准及高效，需要增加控制逻辑及后台系统,40,弱电
254,豫园,华南,郑州,独立,一级（最高级）,安全,不动产项目部,是,其它系统,弱电,动火离人报警系统,在厨房炉灶上方增加动火离人报警系统，并将报警信号传输至中控室。同时也在本地报警，对厨师进行提醒,15,弱电
255,豫园,华南,郑州,独立,一级（最高级）,节能改造,不动产项目部,是,其它系统,弱电,厨房节能炉灶改造,吸收厨房灶台的余热回收装置，达到节能效果,10,弱电
256,豫园,华南,郑州,独立,一级（最高级）,节能改造,不动产项目部,是,其它系统,弱电,能源平台,在原有能源计量平台部署能源平台，并进行智能分析，使不合理能耗进行报警，达到高效统计和智能化控制效果,15,弱电
257,豫园,华南,郑州,护理,一级（最高级）,安全,不动产项目部,是,其它系统,弱电,人脸识别,人脸识别防走失系统,10,弱电
258,渝园,西南,重庆,独立,一级（最高级）,节能改造,不动产项目部,否,暖通/供冷系统,机电,二期空气源热水改造,二期生活热水空气源热泵改造，用于给二期生活热水加热，减少锅炉燃气消耗量。,100,机电
259,渝园,西南,重庆,护理,一级（最高级）,安全,不动产项目部,否,弱电系统,弱电,大门口人脸识别、护理电梯人脸识别系统,"在大门口加人脸识别摄像头，接入后台居民防走失监管系统；护理电梯内加装人脸识别监控，经识别认可后方能选择去向楼层按钮，防止外来'非法""人员进入护理楼层",24,弱电
260,渝园,西南,重庆,独立,一级（最高级）,节能改造,不动产项目部,是,弱电系统,弱电,能源管理系统平台改造,总部能源监管平台建设，能源预算制度系统化；实现按标准三级计量，并按照要求导出任意时间段历史数据；可分楼栋进行能源数据采集，并导出历史数据；实现社区电力结构总支不平衡率报表；能源预警功能,12,弱电
261,渝园,西南,重庆,独立,一级（最高级）,安全,不动产项目部,是,消防系统,消防,厨房动火离人报警系统,在厨房涉及用气、用电的炉灶位置设置动火离人报警系统，一旦人离开规定时间就发出报警，并断气断电，杜绝火灾事件发生,15,消防
262,渝园,西南,重庆,独立,一级（最高级）,节能改造,社区分包,否,暖通/供冷系统,机电,燃气烟道热回收节能改造,燃气烟道热回收节能改造,15,机电
263,渝园,西南,重庆,独立,一级（最高级）,节能改造,不动产项目部,是,弱电系统,弱电,AI智能改造,BA系统增加后台远程智能管理系统,40,弱电
264,渝园,西南,重庆,独立,二级,品质提升,社区分包,否,其它系统,精装,房态恢复,退住还原,20,精装
265,徽园,华东,合肥,独立,一级（最高级）,其他改造,不动产项目部,否,土建设施,土建,活力中心改造,,50,土建
266,徽园,华东,合肥,独立,一级（最高级）,金额10万以上的房态更新,不动产项目部,否,土建设施,土建,记忆照护区改造,,20,土建
267,徽园,华东,合肥,独立,一级（最高级）,智能化改造,不动产项目部,是,弱电系统,弱电,智能化改造,能管平台,80,弱电
268,徽园,华东,合肥,护理,二级,金额10万以上的房态更新,不动产项目部,否,土建设施,土建,护理楼公区及房间提升,,20,土建
269,徽园,华东,合肥,独立,二级,品质提升,不动产项目部,否,土建设施,土建,5号楼下方空腔改造,5#地下室改造,20,土建
270,徽园,华东,合肥,独立,二级,品质提升,不动产项目部,否,弱电系统,弱电,超体大会议室音响升级,对超体大会议室的音响系统进项升级优化,10,弱电
271,徽园,华东,合肥,独立,二级,品质提升,不动产项目部,否,机电系统,机电,群贤汇餐台改成称重自选,在居民餐厅新增称重自助式称食物的餐台,10,机电
272,徽园,华东,合肥,独立,一级（最高级）,安全,不动产项目部,是,弱电系统,弱电,人脸识别系统安装,在护理楼电梯及社区大门口安装人脸识别摄像头，对易走失人员进入摄像头范围后进行预警,15,弱电
273,徽园,华东,合肥,独立,二级,品质提升,社区分包,否,其它系统,精装,房态恢复,退住还原,20,精装
274,徽园,华东,合肥,独立,一级（最高级）,安全,不动产项目部,是,其它系统,弱电,动火离人报警,动火离人报警,10,弱电
275,鹏园,华南,深圳,独立,三级,品质提升,不动产项目部,否,其它系统,土建,2号楼通道加幕墙,,15,土建
276,鹏园,华南,深圳,独立,三级,金额10万以上的常规维修,社区分包,否,其它系统,土建,电动轮椅充电区改造,,10,土建
277,鹏园,华南,深圳,独立,三级,金额10万以上的常规维修,社区分包,否,消防系统,消防,消防水压监测,,12,消防
278,鹏园,华南,深圳,独立,三级,金额10万以上的常规维修,社区分包,否,暖通/供冷系统,机电,添加2个冷库,,40,机电
279,鹏园,华南,深圳,独立,三级,品质提升,不动产项目部,否,其它系统,土建,小邮局改造,,35,土建
280,鹏园,华南,深圳,独立,三级,品质提升,不动产项目部,否,其它系统,土建,2号楼顶层品质打造,,25,土建
281,鹏园,华南,深圳,独立,三级,金额10万以上的常规维修,社区分包,否,其它系统,土建,新增员工办公室,,20,土建
282,鹏园,华南,深圳,独立,三级,品质提升,不动产项目部,否,其它系统,土建,可移动餐厅,,45,土建
283,鹏园,华南,深圳,独立,三级,品质提升,不动产项目部,否,其它系统,土建,泳池西侧风雨连廊改造,,30,土建
284,鹏园,华南,深圳,独立,一级（最高级）,其他改造,不动产项目部,否,其它系统,土建,1号楼架空层改造为就餐区、南大门改造、其他架空层改造为居民功能区,,750,土建
285,鹏园,华南,深圳,独立,二级,品质提升,社区分包,否,其它系统,精装,房态恢复,退住还原,20,精装
286,鹏园,华南,深圳,护理,一级（最高级）,安全,社区分包,否,弱电系统,弱电,大门口人脸识别、护理电梯人脸识别系统,"在大门口加人脸识别摄像头，接入后台居民防走失监管系统；护理电梯内加装人脸识别监控，经识别认可后方能选择去向楼层按钮，防止外来'非法""人员进入护理楼层",20,弱电
287,鹏园,华南,深圳,独立,一级（最高级）,安全,社区分包,是,消防系统,消防,厨房动火离人报警系统,在厨房涉及用气、用电的炉灶位置设置动火离人报警系统，一旦人离开规定时间就发出报警，并断气断电，杜绝火灾事件发生,15,消防
288,琴园,华北,青岛,独立,三级,品质提升,不动产项目部,否,其它系统,精装,1.1 维修费用-居民户内维修（含临客房）,按在住360户算，维修费用500元/户，需24万，包括：门窗五金、洁具灯具更换、家具及木门破损划痕修复、天地墙局部维修；居民房内渗漏水、返销返碱、烟道串烟、木地板更换等问题维修,18,精装
289,琴园,华北,青岛,独立,三级,品质提升,,否,其它系统,精装,1.2 维修费用-退住还原房态恢复维修,预估退住40户，按2000元/户算；居民退住房态恢复（包括：大面积墙面粉刷喷漆、墙纸修补更换、沙发布艺清洗更换、家具漆面修补、木地板划痕修补更换），及新居民个性化需求改良及退住恢复;2.2号楼2层原医院病房改为临时宿舍，约22间；按照3500元/间，约须7.7万元。,15,精装
290,琴园,华北,青岛,独立,三级,品质提升,,否,土建设施,土建,1.3 维修费用-公区装饰装修维修,超体使用年限超5年，超体墙面及地砖须翻新更换超体地砖面积200㎡，墙面面积300㎡,15,土建
291,琴园,华北,青岛,独立,三级,品质提升,,否,土建设施,土建,1.3 维修费用-公区装饰装修维修,独立楼房间及公区走廊翻新维修、楼体外墙涂料维修、车库地坪漆维修、车库墙面污染、破损维修，每年维修1次、外围地砖维修，每季度维修1次物料费：综合维修日常维修采购物资，每月费用6000元,25,土建
292,琴园,华北,青岛,独立,三级,品质提升,,否,其它系统,精装,1.4 维修费用-公区机电设备维修,27部电动门的维修保养；厨房设备维修；因二期取消无线对讲基站，需更换三网模式无线对讲。物料费：灯具、线路改造、检修辅材、弱电智能化各子系统配件维修物料、机组皮带轴承等已使用3年寿命到期，需逐步更换（不包含软水盐、检测试剂等日常消耗品）,32,精装
293,琴园,华北,青岛,独立,三级,品质提升,,否,其它系统,园林,2.1 改良改造费用-品质提升类,1.湖区水质处理（5000元/套，一月一套合计6万）；2.湖区浮漂及水生植物更换(水生植物种植面积2000平；大叶荷花400平)3.鱼缸及湖区鱼苗更换补充 1.社区大门及超体动线时令花卉更换，一季度一换（约100平）2.不其园及园区景观造景补充及乔木的更新（景观造景200平；乔木补充10棵）,19,园林
294,琴园,华北,青岛,独立,三级,节能改造,,否,供排水系统,机电,2.2 改良改造费用-节能改造,地下停车场灯具节能改造 活力中心包厢（崂山厅、观山厅）加装空调,5,机电
295,琴园,华北,青岛,独立,三级,品质提升,,否,土建设施,土建,2.3 改良改造费用-安全提升,现果园未进行适老化改造，果园红砖路面雨季湿滑，跌倒风险较高；面积600㎡,15,土建
296,琴园,华北,青岛,独立,三级,金额10万以上的房态更新,,否,土建设施,土建,2.5 改良改造费用-经营功能改变型改造,2号楼3-5层功能改造（从医院病床调整为护理）,20,土建
297,琴园,华北,青岛,独立,三级,品质提升,,否,家具,固定物资采买,3.1 固定资产采购-家电家具更换,2号楼5层将作为临客房进行使用，活动家具预计3万元，固定家具11万元,14,固定物资采买
298,琴园,华北,青岛,护理,三级,品质提升,,否,其它系统,土建,高端护理改造,护理区打造高端护理楼层,45,土建
299,瓯园,华东,温州,独立,三级,其他改造,不动产项目部,否,暖通/供冷系统,机电,活力中心和后勤区热泵改造,节能改造,45,机电
300,瓯园,华东,温州,独立,三级,其他改造,社区分包,否,其它系统,机电,屋顶LOGO,宣传需要改造,7,机电
301,瓯园,华东,温州,独立,三级,其他改造,,否,其它系统,土建,临时非机动车库,创收需要改造,11,土建
302,瓯园,华东,温州,独立,三级,其他改造,社区分包,否,其它系统,土建,北侧户外电动轮椅和工具车充电场所,消防安全需要改造,5,土建
303,瓯园,华东,温州,独立,三级,其他改造,社区分包,否,其它系统,土建,烘洗场地改造（需要移位和增加设备）,日常运营需要改造,8,土建
304,福园,华南,福州,独立,三级,安全,社区分包,否,电梯系统,电梯,电梯加装梯控,电梯加装梯控,12,电梯
305,福园,华南,福州,独立,三级,品质提升,社区分包,否,其它系统,精装,标识改造,30周年美好家园标识标牌品质提升，初步预计为8万元，含园区整体标识标牌翻新增加新元素,10,精装
306,福园,华南,福州,独立,三级,品质提升,不动产项目部,否,其它系统,土建,围栏改造,园区周边靠近山体，靠近湖区域增加不锈钢细围栏，防止小动物随意进入园区,30,土建
307,福园,华南,福州,独立,三级,品质提升,不动产项目部,是,保安/监控系统,弱电,摄像头,园区内部增加高空抛物摄像头，预计增加26处摄像头，两台硬盘录像机,19,弱电
308,福园,华南,福州,独立,三级,品质提升,不动产项目部,否,其它系统,精装,栏杆改造,医院2楼与护理2楼连接平台调整为晾晒区，晾晒区周边做栏杆，初步估计150米，高1.4米,10,精装
309,福园,华南,福州,独立,三级,品质提升,不动产项目部,否,其它系统,土建,风雨连廊改造,1号楼端头增加风雨连廊联通至餐厅旁大门,12,土建
310,福园,华南,福州,独立,三级,品质提升,不动产项目部,否,其它系统,土建,雨棚改造,医院停车场雨棚,15,土建
311,福园,华南,福州,独立,三级,品质提升,社区分包,否,家电,固定物资采买,四季花厅音响,四季花厅增加音响,10,固定物资采买
312,福园,华南,福州,独立,三级,品质提升,不动产项目部,否,其它系统,土建,为非间和档案室改造,医院地下室男女更衣室改为危废间、档案室（院方方案需要确定）,10,土建
313,福园,华南,福州,独立,三级,品质提升,不动产项目部,否,电梯系统,电梯,电梯改造,8号楼电梯西侧加一个楼梯/或者调增一台电梯,35,电梯
314,福园,华南,福州,独立,一级（最高级）,安全,不动产项目部,是,其它系统,弱电,居民防走失人脸识别系统改造,安全系统改造,15,弱电
315,福园,华南,福州,独立,一级（最高级）,安全,不动产项目部,是,其它系统,弱电,厨房动火离人报警系统改在,消防系统改造,10,弱电
316,儒园,华北,济南,独立,三级,其他改造,不动产项目部,否,暖通/供冷系统,机电,空调及管道计量,"1.宴会厅、多功能教室增加VRV空调,满足过渡季节开启需求。提是升品质、节约大系统开启时能耗。2.泳池、健身房的地暖系统增加热计量表。目前存在重复计费情况,节约能耗，预计改造费用20万，",20,机电
317,儒园,华北,济南,独立,三级,其他改造,不动产项目部,否,暖通/供冷系统,机电,泳池加药及水泵房传送带,"1.泳池加药系统管道细经常堵塞,需将目前软管材质更改为硬质塑料管道并增大管径。目前需人工爬到水池顶加药,安全风险检极大2.生活水泵房增加传送带或者将目前台阶改成坡道形式。目前加盐人工搬运,在台阶处耗时耗力且有安全风险。3.污水提升泵房、隔油间、空调机房增加排水沟引至集水坑,防止机房内设备维护冲洗时水流满地,脏污明显且有安全风险。 预计改造费用20万，",20,机电
318,儒园,华北,济南,独立,三级,品质提升,不动产项目部,否,其它系统,弱电,智慧餐厅,餐厅自助称重改造,21,弱电
319,儒园,华北,济南,独立,三级,品质提升,不动产项目部,否,其它系统,弱电,智慧餐厅,餐厅小碗菜改造,13,弱电
320,儒园,华北,济南,独立,三级,其他改造,不动产项目部,否,其它系统,土建,体验馆展陈,体验馆墙面展陈展示换新\银发生活馆增加\泰享购专区展示增加,30,土建
321,儒园,华北,济南,独立,一级（最高级）,安全,不动产项目部,否,弱电系统,弱电,报警系统,社区出入口增加一套人脸识别摄像头系统，厨房增加动火离人报警系统,15,弱电
322,儒园,华北,济南,独立,一级（最高级）,安全,不动产项目部,是,其它系统,弱电,居民防走失人脸识别系统改造,安全系统改造,15,弱电
323,儒园,华北,济南,独立,一级（最高级）,其他改造,不动产项目部,是,其它系统,弱电,厨房节能炉灶改造,节能改造,10,弱电
324,津园,华北,天津,独立,二级,金额10万以上的常规维修,不动产项目部,否,其它系统,精装,风雨连廊的防风卷帘增加,,150,精装
325,津园,华北,天津,独立,二级,金额10万以上的常规维修,不动产项目部,否,其它系统,机电,游泳池淋浴区热水路由改造,,30,机电
326,津园,华北,天津,独立,二级,金额10万以上的房态更新,社区分包,否,其它系统,土建,会所一层南侧，津门俱乐部升级,,50,土建
327,津园,华北,天津,独立,二级,金额10万以上的房态更新,不动产项目部,否,其它系统,精装,5号楼街道相关公建的装修改造（1500平米）,,250,精装
328,津园,华北,天津,独立,二级,金额10万以上的房态更新,社区分包,否,其它系统,土建,地下办公区改造,,30,土建
329,津园,华北,天津,独立,一级（最高级）,其他改造,不动产项目部,否,土建设施,土建,5号楼首二层及屋面花园改造（派出所部分）,收回派出所共建,500,土建
330,津园,华北,天津,独立,一级（最高级）,其他改造,不动产项目部,否,其他系统,弱电,LED屏及LCD显示屏拆除、重新供应及安装,TED厅、津门厅LED拆除、重新安装,12,弱电
331,津园,华北,天津,独立,三级,品质提升,不动产项目部,否,土建系统,土建,会所屋顶花园改造,会所屋顶花园改造,150,土建
332,津园,华北,天津,独立,,安全,不动产项目部,否,,,1号出入口增加面板机管理居民外出,1号出入口增加面板机管理居民外出,5,
333,津园,华北,天津,独立,一级（最高级）,节能改造,社区分包,是,,,泳池热源改造,泳池热源改空气源热泵,30,
334,津园,华北,天津,独立,一级（最高级）,安全,不动产项目部,是,其它系统,弱电,居民防走失人脸识别系统改造,安全系统改造,15,弱电
335,津园,华北,天津,独立,一级（最高级）,安全,社区分包,是,其它系统,弱电,厨房动火离人报警系统改造,消防系统改造,10,弱电
336,滇园,西南,昆明,护理,一级（最高级）,品质提升,不动产项目部,否,其它系统,土建,记忆照护专区升级改造,记忆照护专区升级改造,19,土建
337,滇园,西南,昆明,护理,一级（最高级）,节能改造,不动产项目部,否,其它系统,土建,记忆照护节能改造,记忆照护节能改造,10,土建
338,滇园,西南,昆明,独立,一级（最高级）,安全,不动产项目部,是,其它系统,弱电,居民防走失人脸识别系统改造,安全系统改造,15,弱电
339,滇园,西南,昆明,独立,一级（最高级）,安全,不动产项目部,是,其它系统,弱电,厨房动火离人报警系统改在,消防系统改造,10,弱电
